{"cameraMode":{"drawMode":0,"name":"Shaded","section":"Shading Mode"},"sceneLighting":true,"audioPlay":false,"sceneViewState":{"m_AlwaysRefresh":false,"showFog":true,"showSkybox":true,"showFlares":true,"showImageEffects":true,"showParticleSystems":true,"showVisualEffectGraphs":true,"m_FxEnabled":true},"in2DMode":false,"pivot":{"x":467.6882629394531,"y":352.4971008300781,"z":278.75323486328127},"rotation":{"x":-0.03290056064724922,"y":0.9566617012023926,"z":-0.26353833079338076,"w":-0.11943116039037705},"size":0.9567403197288513,"orthographic":false}